{
  "model": "MobileNetV3-Small",
  "test_accuracy": 96.38888888888889,
  "test_loss": 0.10753704052505479,
  "precision_macro": 0.9639880952380953,
  "recall_macro": 0.9632023749670809,
  "f1_macro": 0.963355648342219,
  "per_class": {
    "manzana": {
      "precision": 0.95,
      "recall": 0.957983193277311,
      "f1": 0.9539748953974896,
      "support": 119
    },
    "patatas": {
      "precision": 0.96875,
      "recall": 1.0,
      "f1": 0.9841269841269841,
      "support": 124
    },
    "rosas": {
      "precision": 0.9732142857142857,
      "recall": 0.9316239316239316,
      "f1": 0.9519650655021834,
      "support": 117
    }
  }
}